keyword,search_volume,competition,competition_index
digital marketing,368000,MEDIUM,46
seo services,74000,LOW,3
content marketing,22200,LOW,11
seo,246000,LOW,18
digital marketing agency,110000,LOW,13
online marketing,22200,LOW,15
seo marketing,27100,LOW,17
seo agency,40500,LOW,6
google seo,14800,LOW,22
seo company,40500,LOW,7
digital marketing company,49500,LOW,13
seo optimization,14800,LOW,30
seo audit,8100,LOW,9
online advertising,49500,LOW,12
marketing strategy,40500,LOW,16
seo specialist,6600,LOW,19
google digital marketing,3600,LOW,29
digital marketing services,22200,LOW,7
link building,8100,LOW,3
buzzsumo,8100,LOW,5
digital advertising,18100,LOW,20
seo expert,8100,LOW,5
marketing agency near me,49500,LOW,6
local seo,22200,LOW,8
best seo companies,12100,LOW,7
search engine marketing,49500,LOW,4
internet marketing,14800,LOW,6
ppc agency,6600,LOW,9
seo consultant,14800,LOW,3
shopify seo,6600,LOW,12
seo keyword search,4400,LOW,4
seo companies for small business,9900,LOW,2
digital marketing near me,22200,LOW,8
youtube promote video,6600,MEDIUM,56
seo company near me,18100,LOW,4
digital marketing strategy,12100,LOW,6
digital marketing agency near me,33100,LOW,7
seo analysis,2900,LOW,5
video advertising,3600,LOW,20
online digital marketing,49500,LOW,30
marketing company for small business,2900,LOW,19
seo search engine optimization,27100,LOW,17
google search engine optimization,14800,LOW,22
coursera digital marketing,880,MEDIUM,36
local seo services,6600,LOW,4
online marketing business,4400,LOW,7
seo services near me,33100,LOW,3
seo near me,18100,LOW,4
digital marketing website,6600,LOW,17
digital marketing specialist,4400,LOW,17
white label seo,2400,LOW,13
affordable seo services for small businesses,1900,LOW,2
best seo companies for small business,2900,LOW,6
seo help,2400,LOW,9
web marketing,6600,LOW,11
digital marketing business,18100,LOW,14
marketing agency for small business,3600,LOW,15
marketing firms near me,4400,MEDIUM,35
seo for lawyers,1900,LOW,7
online marketing agency,5400,LOW,5
best ppc agency,1900,LOW,6
seo packages,1300,LOW,6
hvac marketing agency,1000,LOW,9
google ppc agency,1000,LOW,8
digital marketing companies near me,4400,LOW,19
social media marketing agency for small business,1600,LOW,8
seo reputation management,2400,LOW,1
empresa de marketing,320,LOW,16
dental seo company,1900,LOW,7
hike seo,880,MEDIUM,47
digital marketing consultant,4400,LOW,7
site audit,2400,LOW,6
amazon seo,2900,LOW,5
on page seo,5400,LOW,4
ppc specialist,1300,LOW,14
fatjoe seo,720,LOW,15
ppc agency near me,1600,LOW,13
seo powersuite,1300,LOW,6
best digital marketing agencies,9900,LOW,13
wix seo,2900,LOW,8
seo digital marketing,9900,LOW,2
performance marketing agencies,2400,LOW,18
seo optimization companies,40500,LOW,7
internet advertising,49500,LOW,12
best marketing agencies,4400,LOW,23
engine optimization,1000,LOW,15
ecommerce agency,8100,LOW,16
scorpion seo,1000,LOW,23
white label seo companies,1000,LOW,3
marketing b2b,480,LOW,8
media marketing,5400,LOW,27
digital media marketing,4400,LOW,10
ecommerce seo,4400,LOW,3
online advertising companies,9900,LOW,30
digital display advertising,1300,LOW,32
best seo,2400,LOW,6
link building services,4400,LOW,13
seo packages pricing,3600,LOW,2
seo advertising,2400,LOW,8
digital marketing for beginners,9900,MEDIUM,48
google marketing agency,590,LOW,9
udemy digital marketing,320,LOW,31
digital marketing tiktok,260,LOW,32
seo optimisation,1600,LOW,10
google search optimization,14800,LOW,22
seo copywriting,2400,LOW,3
backlink services,3600,LOW,15
marketmuse,1600,LOW,16
fiverr seo,1000,LOW,12
cheap seo,1900,LOW,2
seo google ads,390,LOW,11
scorpion digital marketing,720,MEDIUM,36
best digital marketing companies,9900,LOW,13
content marketing agencies,6600,LOW,4
seo cost,8100,LOW,4
digital advertising companies,2400,LOW,13
digital marketing dashboard,480,LOW,6
digital product agency,320,LOW,13
saas seo agency,1000,LOW,11
digital marketing for real estate,1900,LOW,10
certified digital marketing professional,720,LOW,31
digital marketing packages,880,LOW,4
digital marketing agency website,720,LOW,14
seo content writing,4400,LOW,3
website and seo services,2900,LOW,4
paid media agency,590,LOW,10
link building seo,2400,LOW,1
backlinks in seo,5400,LOW,6
seo writing,3600,LOW,7
google analytics agency,210,LOW,5
seo for small businesses,5400,LOW,3
ecommerce ppc agency,880,LOW,7
digital marketing analytics,14800,LOW,13
online boutique marketing agency,110,LOW,2
seo help for small business,390,LOW,10
ppc ad agency,8100,LOW,6
seo ads,2400,LOW,8
off page seo,5400,LOW,2
digital marketing for law firms,1900,LOW,6
online business advertising,8100,LOW,16
digital advertising agencies,12100,LOW,9
seo etsy,5400,LOW,19
video marketing agency,1600,LOW,12
online marketing strategy,2400,LOW,2
semrush content marketing,40,LOW,4
digital marketing for small business,2900,LOW,10
seo sem,5400,LOW,3
squarespace seo,2900,LOW,11
fiverr digital marketing,8100,MEDIUM,40
seo optimization service,74000,LOW,3
seo business,1900,LOW,9
google my business optimization,1600,LOW,10
ecommerce seo agency,2400,LOW,3
real estate digital marketing agency,720,LOW,4
marketing video,1300,LOW,22
digital garage google,6600,MEDIUM,44
attorney seo,6600,LOW,1
digital marketing agency for small business,2400,LOW,4
digital marketing services near me,3600,LOW,7
linkedin content strategy,480,LOW,8
digital marketing expert,880,LOW,6
best seo marketing company,1000,LOW,2
best seo agencies,12100,LOW,7
lead generation digital marketing,1300,LOW,6
seo agency near me,33100,LOW,3
ecommerce seo services,2900,LOW,2
local seo services for small business,720,LOW,3
freelance seo specialist,480,LOW,3
dental seo,1900,LOW,5
top digital marketing companies,9900,LOW,13
seo web,18100,LOW,6
amazon digital marketing,1300,LOW,31
content creation agencies,1900,LOW,9
marketing agency for startups,1000,LOW,8
social media content agency,590,LOW,11
affordable seo,1300,LOW,4
white label local seo,1000,LOW,3
promote your video on youtube,390,MEDIUM,54
digital marketing pricing packages,390,LOW,8
content marketing strategy,5400,LOW,3
digital agency website,320,LOW,14
professional seo services,1900,LOW,3
freelance seo,3600,LOW,4
content creation companies,1900,LOW,9
website seo service,1600,LOW,3
seo content,2900,LOW,2
digital real estate marketing,170,LOW,20
digital marketing services for small business,1300,LOW,1
backlink building service,1900,LOW,1
seo services cost,4400,LOW,2
hubspot digital marketing,880,LOW,32
udacity digital marketing,170,LOW,18
backlink agency,590,LOW,21
google seo price,1000,LOW,4
webflow seo,590,LOW,9
seo marketing near me,1000,LOW,8
top social media marketing companies,720,LOW,7
content agency,1600,LOW,26
seo price,8100,LOW,4
digital marketing 101,1300,MEDIUM,37
online marketing for beginners,590,LOW,3
wix seo optimization,2900,LOW,8
ecommerce marketing agency,3600,LOW,12
best social media marketing companies,1000,LOW,9
digigyan digital marketing,90,LOW,1
white label seo agency,1000,LOW,5
b2b ppc agency,480,LOW,12
seo marketing company near me,1000,LOW,6
seo specialist near me,880,LOW,7
website seo optimization,18100,LOW,6
top seo agencies,1300,LOW,9
paid social media advertising,4400,LOW,10
coursera social media marketing,320,LOW,17
youtube video marketing,590,LOW,2
keywords for seo,9900,LOW,7
link building specialist,260,LOW,6
content syndication b2b,170,LOW,9
online marketing company,4400,LOW,5
seo optimization cost,8100,LOW,4
roofing seo,1900,LOW,8
link building companies,1000,LOW,13
google adwords ppc,8100,LOW,25
website content strategy,720,LOW,4
seo for plumbers,1600,LOW,3
hoth seo,320,LOW,25
digital marketing and ecommerce,2400,LOW,13
international seo services,1300,LOW,0
seo link building services,2400,LOW,1
seo campaign,1300,LOW,6
website marketing strategy,1300,LOW,1
ecommerce email marketing agency,320,LOW,6
digital marketing services list,390,LOW,7
white label link building,2400,LOW,3
white label seo services,2900,LOW,6
digital agency near me,1000,LOW,13
seo audit online,880,LOW,1
shopify seo optimization,6600,LOW,12
black hat seo,1900,LOW,6
google seo services,1300,LOW,4
digital customer experience,880,LOW,5
digital ad agencies,12100,LOW,9
media marketing agency,12100,LOW,13
digital marketing campaign,2900,LOW,5
ebay seo,1300,LOW,4
international seo agency,1600,LOW,1
etsy seo optimization,5400,LOW,19
b2b content strategy,390,LOW,3
search engine optimization in digital marketing,9900,LOW,2
digital marketing for dentists,3600,LOW,8
tiktok content creation agency,320,LOW,11
digital advertising alliance,22200,HIGH,76
tiktok digital marketing,22200,LOW,30
seo monthly packages,1600,LOW,0
social media digital marketing,2900,LOW,14
saas seo,1600,LOW,3
best digital marketing,590,LOW,18
content marketing world,880,LOW,23
performance marketing companies,2400,LOW,18
haro link building,390,LOW,9
international seo,1300,LOW,1
digital content strategy,720,LOW,4
tiktok content agency,1900,LOW,23
pay youtube to promote video,70,MEDIUM,56
landing page optimization,1600,LOW,7
upwork seo,210,LOW,31
amazon optimization,390,MEDIUM,36
b2b seo services,1600,LOW,1
digital agencies,18100,LOW,11
digital marketing for doctors,1300,LOW,1
squarespace seo expert,480,LOW,8
expert seo,8100,LOW,5
b2b content marketing strategy,880,LOW,1
seo for business,2400,LOW,2
programmatic display advertising,1300,LOW,14
search optimization,49500,LOW,13
local seo google my business,720,LOW,2
backlink building,1300,LOW,14
roi online marketing agency,50,LOW,4
mobile billboard advertising,590,LOW,20
social media content creation agency,210,LOW,16
google seo optimization,14800,LOW,22
google optimisation,110,LOW,3
online trade marketing,50,LOW,4
digital media agencies,880,LOW,17
white hat seo,1600,LOW,3
seo for real estate,2400,LOW,5
digital marketeer,50,LOW,4
klaviyo partner,480,LOW,26
automotive digital marketing,1600,LOW,11
seo experts near me,2900,LOW,5
automated content creation,590,LOW,15
social media marketing agency near me,3600,LOW,14
white label seo firm,260,LOW,16
top seo companies,1300,LOW,9
seo 101,1000,LOW,5
seo boost,720,LOW,10
affordable seo for small business,1300,LOW,3
website marketing companies,6600,LOW,6
digital marketing ads,33100,LOW,9
boutique social media agency,170,LOW,20
google seo company,1300,LOW,2
user generated content agency,70,LOW,12
google search engine marketing,480,LOW,17
amsive digital,170,LOW,9
seo and digital marketing,9900,LOW,2
website design and seo,6600,LOW,2
content syndication strategy,90,LOW,2
seo professionals,1300,LOW,3
seo online,390,LOW,2
udemy social media marketing,90,LOW,27
shopify seo expert,1900,LOW,1
seo marketing agency,12100,LOW,3
digital marketing firms,49500,LOW,13
seo site,18100,LOW,6
ecommerce advertising agency,3600,LOW,12
backlink audit,480,LOW,9
local seo agency,3600,LOW,7
sem google ads,140,LOW,7
paid media,3600,LOW,8
digital and social media marketing,8100,LOW,10
top marketing agency,4400,LOW,23
the hoth seo,170,LOW,23
website marketing agency,1000,LOW,4
haro backlinks,480,LOW,12
digital marketing advertising,33100,LOW,9
thought leadership content,320,LOW,3
b2b content agency,140,LOW,6
digital marketing summit,480,LOW,13
seo marketing for small business,5400,LOW,3
digital media company,720,LOW,22
seo for therapists,1000,LOW,8
digital flyers,880,HIGH,68
seo management,1600,LOW,4
best marketing agency websites,320,LOW,26
seo developer,880,LOW,2
online email marketing,880,LOW,14
digital agency services,880,LOW,3
social media marketing pricing,390,LOW,9
site seo audit,5400,LOW,2
b2b marketing consultant,390,LOW,2
best ppc company,1900,LOW,6
google seo marketing,14800,LOW,22
buying backlinks,5400,LOW,16
website and seo,18100,LOW,6
buzzsumo pricing,170,LOW,10
branding and marketing,12100,LOW,18
seo marketing experts,1300,LOW,1
google online marketing,90,LOW,4
google digital marketing & e commerce,170,MEDIUM,41
best online advertising,2400,LOW,18
hubspot content marketing,320,LOW,7
search engine optimization specialist,6600,LOW,19
certified digital marketer,12100,MEDIUM,62
marketing de influencers,1600,LOW,4
digital marketing for financial advisors,1000,LOW,7
buy seo backlinks,880,LOW,3
digital marketing content,1600,LOW,3
best digital agencies,480,LOW,7
bigcommerce seo,590,LOW,4
best local seo,320,LOW,3
best seo services,3600,LOW,3
best white label seo,320,LOW,2
social media seo,3600,LOW,3
video content agency,110,LOW,14
google seo search,320,LOW,7
google maps seo,1600,LOW,6
digital signage advertising,1600,MEDIUM,34
top digital agencies,210,LOW,7
wix seo expert,390,LOW,3
kraftshala digital marketing,50,LOW,1
amazon online marketing,90,LOW,4
video marketing companies,2900,LOW,4
increase seo,3600,LOW,6
healthcare digital marketing agency,2900,LOW,9
seo and marketing,27100,LOW,17
search engine marketing companies,1300,LOW,6
white label link building services,0,UNSPECIFIED,0
gmb seo,480,LOW,7
link building agencies,1900,LOW,14
seo cost per month,480,LOW,7
content creation strategy,1000,LOW,4
hubspot seo,1600,LOW,7
e commerce seo,1600,LOW,2
best online marketing company,1300,LOW,3
digital marketing agency for startups,880,LOW,6
promote your video,140,MEDIUM,58
local seo solutions,880,LOW,1
keyword competitor analysis,5400,LOW,1
website optimisation,480,LOW,2
online video advertising,1000,LOW,6
b2b content,320,LOW,15
seo studio,720,LOW,28
crm digital marketing,720,LOW,7
coursera google digital marketing,140,LOW,22
seo promotion,590,LOW,2
internet advertising companies,9900,LOW,30
content marketing strategie,140,LOW,1
online marketing website,480,LOW,5
digital business strategy,480,LOW,3
dijital marketing,368000,MEDIUM,46
seo services for small business,9900,LOW,2
ecommerce digital marketing,2400,LOW,13
best digital marketing websites,390,LOW,15
seo sem agency,390,LOW,1
primal digital agency,20,LOW,0
digital advertising display screens,4400,LOW,29
seo links,2900,LOW,1
seo search engine,49500,LOW,13
top seo,720,LOW,3
performance marketing services,210,LOW,6
competitor seo analysis,5400,LOW,1
seo marketing company,12100,LOW,3
pay per click in digital marketing,1900,LOW,11
seo and social media marketing services,1600,LOW,1
search engine optimization cost,8100,LOW,4
programmatic seo,1900,LOW,7
digital marketing 2023,320,LOW,0
digital marketing for healthcare,2400,LOW,3
web design and seo,6600,LOW,2
pay per click agencies,6600,LOW,9
paid seo,480,LOW,3
top seo keywords,720,LOW,2
seo engine,480,LOW,6
best seo expert,1900,LOW,1
best online marketing,320,LOW,6
private label seo,880,LOW,0
moz local pricing,590,LOW,5
seo and sem,5400,LOW,3
search engine optimization service,2900,LOW,1
developing a content strategy,480,LOW,3
social media plans,4400,MEDIUM,64
on page seo service,2400,LOW,1
ppc advertising company,8100,LOW,6
seo sem marketing,5400,LOW,3
web site analysis,1900,LOW,10
seo outsource,1000,LOW,2
boutique digital marketing agency,720,LOW,8
website seo agency,480,LOW,1
best digital agency websites,260,LOW,5
abm content syndication,40,LOW,15
digital content agency,170,LOW,4
digital marketing modules,170,LOW,16
b2b digital agency,320,LOW,2
search engine optimization near me,2900,LOW,1
local seo near me,6600,LOW,3
automotive seo,3600,LOW,4
paid search specialist,390,LOW,14
b2b seo agency,1600,LOW,7
seo marketing service,3600,LOW,1
dmi digital marketing,110,LOW,16
saas content marketing agency,390,LOW,6
local seo for small businesses,2900,LOW,1
building a content strategy,170,LOW,2
digital marketing b2b,390,LOW,6
content syndication lead generation,90,LOW,3
online marketing agency near me,480,LOW,7
creative content agency,170,LOW,7
personalized video marketing,260,LOW,4
ppc digital marketing,1900,LOW,11
shopify seo agency,1600,LOW,3
seo services pricing,4400,LOW,2
b2b online marketing,1300,LOW,1
monthly seo,320,LOW,2
keyword search engine,1600,LOW,1
restaurant digital marketing,720,LOW,13
medical digital marketing,1000,LOW,5
google promote youtube video,20,HIGH,93
automated seo,3600,LOW,4
best seo websites,1900,LOW,4
amsive,2400,LOW,13
cim digital marketing,90,LOW,4
cms marketing,480,LOW,13
online advertising agencies,2400,LOW,4
tiktok video agency,90,LOW,30
lighthouse seo,390,LOW,9
backlink analytics,210,LOW,8
seo analyzer online,1600,LOW,1
squared online,14800,MEDIUM,48
seo optimiser,1600,LOW,10
seo for startups,1000,LOW,1
digital branding solutions,90,LOW,1
social content strategy,1000,LOW,14
social media advertising costs,1300,LOW,18
best seo for lawyers,720,LOW,2
seo and ppc agency,880,LOW,3
google local search,320,LOW,7
online marketing service,1900,LOW,5
web content strategy,720,LOW,4
buy seo,480,LOW,2
digital marketing for startups,3600,LOW,4
seo masterclass,210,LOW,5
pmg digital agency,70,LOW,14
google seo cost,590,LOW,7
content production agency,170,LOW,8
content syndication marketing,90,LOW,7
media marketing company,480,LOW,12
digital marketing for plumbers,720,LOW,3
link building packages,1300,LOW,1
website marketing services,1000,LOW,4
digital marketing and analytics,14800,LOW,13
web seo,8100,LOW,10
delta seo,140,LOW,10
seo webflow,90,LOW,12
lead generations,27100,LOW,32
paid online advertising,720,LOW,10
seo lead generation,720,LOW,3
cheap seo service,2400,LOW,2
content marketing in digital marketing,1600,LOW,3
online social media marketing,2400,LOW,11
low cost seo,320,LOW,1
digital marketing professional,480,LOW,8
google seo expert,590,LOW,1
seo for your website,390,LOW,4
content creation service,720,LOW,7
dental seo agency,720,LOW,2
seo web development,1600,LOW,1
online marketing near me,1300,LOW,6
on site seo,2900,LOW,1
tiktok content strategy,260,LOW,3
local search engine optimization,22200,LOW,8
yoast seo pricing,390,LOW,19
email marketing in digital marketing,590,LOW,4
seo firms,40500,LOW,7
off site seo,1300,LOW,1
top digital marketing agency,9900,LOW,13
digital marketing consultant near me,1600,LOW,2
online marketing firm,590,LOW,3
seo godaddy,1300,LOW,11
content marketing matrix,90,LOW,9
digital marketing coach,590,LOW,8
saas digital marketing,720,LOW,8
top 10 digital marketing agencies in the world,320,LOW,4
godaddy search engine,1300,LOW,11
digital marketing site,6600,LOW,17
digital marketing for nonprofits,1000,LOW,10
omnichannel content strategy,110,LOW,7
search engine reputation management,320,LOW,1
instagram content strategy,480,LOW,4
video content strategy,320,LOW,2
skillshare digital marketing,140,LOW,15
managed seo,1600,LOW,4
seo vendors,170,LOW,4
top seo experts,720,LOW,3
google seo help,590,LOW,9
content marketing b2b,210,LOW,3
seo consultant near me,6600,LOW,1
seo com,170,LOW,6
seo provider,1600,LOW,1
seo packages for small business,1900,LOW,0
digital lead generation,260,LOW,3
seo content agency,590,LOW,2
google search optimisation,12100,LOW,5
video marketing company near me,140,LOW,11
ecommerce digital agency,720,LOW,2
digital marketing and social media marketing,8100,LOW,10
content marketing 2023,10,LOW,0
digital ad,18100,LOW,20
brand advertising,2400,LOW,11
seo for b2b,590,LOW,1
thought leadership marketing,390,LOW,4
youtube promote video cost,140,LOW,26
b2b video production,110,LOW,7
local seo audit,720,LOW,4
marketing digital marketing,368000,MEDIUM,46
seo team,880,LOW,4
firma seo,170,LOW,0
ecommerce digital marketing agency,1300,LOW,3
google seo agency,1300,LOW,2
online marketing specialist,170,LOW,8
accenture digital marketing,170,LOW,12
digital web agency,260,LOW,4
seo design,480,LOW,1
omnichannel digital marketing,720,LOW,7
seo agency pricing,720,LOW,1
website seo company,4400,LOW,1
b2b content writer,210,LOW,4
seo charges,8100,LOW,4
search engine submission,880,LOW,4
digital media marketing agency,720,LOW,12
local digital marketing,590,LOW,11
seo optimization agency,40500,LOW,6
digistore24 products,1900,LOW,9
google seo audit,590,LOW,2
seo for real estate agents,720,LOW,3
online advertising services,22200,LOW,33
seo for contractors,720,LOW,3
seo ppc agency,590,LOW,1
top digital marketing companies in the world,260,LOW,5
social media content marketing,880,LOW,3
sem digital marketing,590,LOW,4
shopify seo services,1600,LOW,3
digital marketing solutions,14800,LOW,16
web analytics in digital marketing,390,LOW,4
moz local seo,720,LOW,2
content repurposing agency,320,LOW,33
local seo experts,1000,LOW,4
content marketing packages pricing,40,LOW,0
online advertising websites,720,LOW,21
seo coach,1000,LOW,3
digital marketing subjects,90,LOW,1
digital creative agency,480,LOW,6
internet marketing service,27100,LOW,1
search marketing experts,90,LOW,1
edx digital marketing,170,LOW,10
digital audio advertising,170,LOW,12
marketing content writer,260,LOW,4
best digital marketing agency websites,590,LOW,3
content strategy 2023,20,LOW,0
best seo agency primelis,40,LOW,1
seo services list,390,LOW,2
seo marketing digital,9900,LOW,2
white hat link building,1600,LOW,2
best local seo companies,1900,LOW,3
the strategy of content marketing coursera,10,LOW,14
internet marketing company,6600,LOW,6
epic content marketing,140,MEDIUM,52
digitalmarketinginstitute,2400,MEDIUM,34
seo local business,3600,LOW,2
digital marketing & e commerce,110,LOW,19
local marketing agency,1300,LOW,14
adwords ppc,880,LOW,2
online advertising costs,720,LOW,23
seo affiliate marketing,880,LOW,1
haro seo,320,LOW,8
content marketing best practices 2022,10,LOW,0
online ad agency,2400,LOW,4
national seo,1000,LOW,2
private label seo services,720,LOW,0
branding materials,480,HIGH,96
creative digital agency,320,LOW,6
digital marketing plans,1300,LOW,11
digital media strategy,480,LOW,5
linkedin content marketing,210,LOW,4
seo services rankstar,30,LOW,3
digital marketing products,720,MEDIUM,63
seo b2b,90,LOW,2
web optimization,1300,LOW,11
local seo package,880,LOW,2
google ads and seo,480,LOW,6
digital media advertising,590,LOW,8
white label content creation,90,LOW,8
seo digital marketing agency,6600,LOW,2
online marketing for dentists,6600,LOW,1
organic seo,2900,LOW,2
seo locale,480,LOW,16
video content creation agency,50,LOW,6
seo and backlinks,5400,LOW,6
wix seo wiz,390,LOW,2
digital marketing pricing,320,LOW,10
b2b saas seo,260,LOW,4
seo website ranking,4400,LOW,1
amazon seo optimization,2900,LOW,5
seo of website,18100,LOW,6
content strategy services,320,LOW,1
web design seo,6600,LOW,2
digital marketing agency pricing,590,LOW,5
animated marketing video,320,LOW,8
top search engines,4400,LOW,0
medical seo,5400,LOW,2
google my business audit,140,LOW,8
seo translation,590,LOW,0
affordable seo packages,720,LOW,2
google seo specialist,390,LOW,2
on page seo audit,880,LOW,1
seo inc,260,LOW,1
social content agency,590,LOW,11
best seo company near me,1300,LOW,4
techtarget content syndication,210,MEDIUM,60
top 10 seo companies,590,LOW,1
dental seo marketing,3600,LOW,3
best link building service,720,LOW,9
360 marketing agency,110,LOW,17
social digital marketing,8100,LOW,10
seo partners,720,LOW,3
saas video marketing,90,LOW,2
online marketing experts,880,LOW,1
top seo firms,1300,LOW,9
dooh marketing,110,LOW,9
advanced digital marketing,590,LOW,7
seo agency services,1000,LOW,1
local seo pricing,880,LOW,2
video creative agency,260,LOW,7
digital marketing landing page,260,LOW,3
content marketing services,6600,LOW,2
website design and seo company,3600,LOW,1
alexa seo,880,LOW,0
yext seo,170,LOW,5
understanding digital marketing,210,LOW,15
digital performance agency,90,LOW,3
content marketing world 2022,20,LOW,0
onsite seo,2900,LOW,1
top seo services,1000,LOW,1
dispensary seo,210,LOW,3
digital marketing 2022,320,LOW,1
digital marketing reddit,880,LOW,1
seo keyword optimization,480,LOW,2
seo optimization wordpress,390,LOW,3
united seo,110,LOW,1
1 seo,140,LOW,3
social media video production company,260,LOW,4
attorney seo marketing,6600,LOW,1
seo and google ads,140,LOW,10
best seo marketing,2400,LOW,6
content creation marketing agency,140,LOW,6
best digital marketing agency in the world,260,LOW,8
b2b digital,90,LOW,2
google adwords seo,1000,LOW,1
local seo optimization,22200,LOW,8
seo management company,480,LOW,2
social media content creation companies,50,LOW,16
ppc and seo,1900,LOW,2
top digital marketing websites,140,LOW,4
dental seo services,1600,LOW,3
healthcare seo agency,720,LOW,7
seo engine optimization,246000,LOW,18
freelance seo consultant,880,LOW,1
submit site to search engines,4400,LOW,3
the best seo,260,LOW,2
seo content analysis,720,LOW,1
white label seo audit,590,LOW,0
twitter content strategy,70,LOW,0
digital advertising services,1600,LOW,0
content marketing services packages,70,LOW,0
web design and seo company,3600,LOW,1
content creation websites,720,LOW,17
pharma digital marketing,720,LOW,6
creative digital marketing agency,1900,LOW,1
real estate seo keywords,590,LOW,2
seo company for lawyers,1900,LOW,2
monthly seo services,1000,LOW,2
digital campaign,1000,LOW,10
marketing video production company,260,LOW,5
newsletter content strategy,70,LOW,6
landing page seo,1900,LOW,2
top social media marketing agencies,720,LOW,7
content creation marketing,480,LOW,5
ecommerce content strategy,390,LOW,1
b2b video marketing,390,LOW,9
top ppc companies,390,LOW,3
agÃªncia de seo,480,LOW,2
digital analytics agency,320,LOW,2
product content strategy,70,LOW,2
paid media marketing,320,LOW,11
white label backlinks,140,LOW,2
add seo to website,480,LOW,2
video marketing services,1300,LOW,1
gmb audit,140,LOW,19
search engine optimization companies near me,18100,LOW,4
local seo company,3600,LOW,4
user generated content marketing,1600,LOW,22
seo marketing packages,480,LOW,1
ppc firm,590,LOW,3
best seo services for small business,720,LOW,3
web 3.0 marketing,50,LOW,2
web analytics agency,260,LOW,2
seo audit cost,390,LOW,2
on digital marketing,260,LOW,0
content strategy agency,480,LOW,4
dynamic content optimization,90,LOW,10
google search rankings,6600,LOW,7
paid search strategy,260,LOW,12
digital marketing company website,480,LOW,3
local seo google,1300,LOW,2
biggest digital marketing companies,390,LOW,11
affordable seo services,2400,LOW,1
content creation in digital marketing,50,LOW,15
social marketing agencies,22200,LOW,8
content marketing 101,140,LOW,5
search seo,390,LOW,7
seo marketing firm,12100,LOW,3
best seo company in world,880,LOW,1
offsite seo,390,LOW,1
seo optimized content,1900,LOW,1
best seo packages,390,LOW,0
organic seo marketing,320,LOW,1
internet marketing companies near me,2400,LOW,7
content marketing for nonprofits,170,LOW,3
seo keyword analysis,18100,LOW,1
b2b video,210,LOW,15
sea audit,20,LOW,5
fractional cmo cost,140,LOW,4
forbes digital marketing,390,LOW,4
seo services primelis,170,LOW,0
freelance seo expert,1000,LOW,1
digital branding agency,590,LOW,6
amazon search engine optimization,2900,LOW,5
seo service packages,1300,LOW,1
content strategy best practices,70,LOW,5
seo solution,1000,LOW,3
healthcare content marketing,590,LOW,2
ott video advertising,110,LOW,15
paid digital marketing,480,LOW,9
the best seo company,590,LOW,2
digital promotion,320,LOW,8
marketing content management,140,LOW,4
b2b content creation,110,LOW,6
mobile marketing in digital marketing,320,LOW,4
seo services provider,1900,LOW,2
search optimisation,260,LOW,1
advanced seo,1000,LOW,2
youtube video paid promotion,20,MEDIUM,49
b2b digital marketing services,720,LOW,1
video marketing near me,720,LOW,14
best digital marketing campaigns 2022,260,LOW,0
brand content strategy,210,LOW,11
digital marketing service provider,720,LOW,5
digital marketing strategy agency,1900,LOW,0
bigcommerce seo services,720,LOW,1
content optimization strategy,140,LOW,3
seo audit company,720,LOW,1
b2b digital marketing strategy,720,LOW,2
video content marketing,880,LOW,1
digital marketing video,880,LOW,5
top digital marketing services,260,LOW,4
buy seo services,720,LOW,0
seo on page optimization,1000,LOW,1
content marketing packages,210,LOW,2
seo and social media,3600,LOW,3
online marketing consultant,1900,LOW,2
godaddy seo services,170,LOW,11
e commerce seo services,2900,LOW,2
video seo,2900,LOW,1
web marketing companies,6600,LOW,6
saas content marketing,880,LOW,1
web search optimization,390,LOW,19
igaming seo,260,LOW,5
internet marketing strategy,1000,LOW,1
video advertising company,1300,LOW,5
b2b saas content marketing,110,LOW,2
marketing and seo services,1600,LOW,2
seo my site,1300,LOW,5
seo service agency,480,LOW,1
thrive seo,110,MEDIUM,49
digital media buyer,480,LOW,11
online marketing solutions,480,LOW,1
digital marketing strategy for beginners,170,LOW,3
seo internet,590,LOW,3
real estate seo company,880,LOW,1
digital marketing and advertising,33100,LOW,9
search engine optimisation seo,49500,LOW,13
seo tech developer,480,LOW,9
google maps optimization,390,LOW,23
online seo service,1300,LOW,0
digital marketing experience,210,LOW,2
yoast seo shopify,320,LOW,2
on page optimization,880,LOW,3
forever digital marketing,70,LOW,3
seo for chiropractors,1300,LOW,1
search engine optimization agencies,40500,LOW,7
b2b seo,1300,LOW,5
seo sem specialist,210,LOW,2
content marketing firms,590,LOW,1
full service digital marketing,720,LOW,1
law firm internet marketing,6600,LOW,2
semrush content,30,LOW,14
real estate marketing content,260,LOW,5
search backlinks,18100,LOW,1
pr link building,170,LOW,4
digital marketing agency services list,170,LOW,2
wordpress seo services,1000,LOW,1
internet marketing near me,1900,LOW,2
marketing writer,320,LOW,9
seo for financial advisors,720,LOW,6
seo services for lawyers,2900,LOW,2
digital performance marketing,480,LOW,4
top seo companies for small business,170,LOW,1
marketing video production,1000,LOW,3
interactive video marketing,90,LOW,7
emplifi socialbakers,10,LOW,20
seo content writing service,590,LOW,2
best local seo agency,1900,LOW,3
the heritage seo,20,LOW,20
marketing copywriting,590,LOW,8
digital marketing details,90,LOW,4
affordable seo companies,1000,LOW,1
off page seo services,590,LOW,2
short video marketing,140,LOW,14
b2b content marketing agencies,1000,LOW,3
content marketing campaign,320,LOW,2
digital marketing overview,170,LOW,8
best content marketing campaigns,70,LOW,0
thought leadership content strategy,50,LOW,11
creative digital marketing,880,LOW,3
seo reputation,320,LOW,1
video marketing for real estate,720,LOW,10
content advertising,390,LOW,14
local seo cost,390,LOW,1
content marketing for startups,720,LOW,1
web marketing specialist,210,LOW,3
electronic marketing,3600,LOW,10
search engine optimization business,2400,LOW,2
digital marketing social media marketing,8100,LOW,10
digital marketing list,90,LOW,4
social media marketing and advertising,2400,LOW,10
paid search campaign,320,LOW,5
adobe digital marketing,260,LOW,9
digital marketing strategy for a brand,390,LOW,1
social video marketing,880,LOW,5
content management agency,40,LOW,12
search engine optimisation consultants,14800,LOW,3
guaranteed seo,590,LOW,0
online marketing for law firms,6600,LOW,2
google site audit,140,LOW,4
seo audit agency,260,LOW,3
online marketing seo,3600,LOW,0
healthcare video marketing,170,LOW,3
seo recommendations for a website,20,LOW,14
attorney seo services,2900,LOW,2
social media marketing digital,8100,LOW,10
digitalen marketing,368000,MEDIUM,46
content marketing best practices,480,LOW,5
digital marketing fiverr,140,LOW,8
buzzsumo influencers,10,LOW,0
seo cms,880,LOW,1
paid content,210,LOW,3
digital marketing analysis,320,LOW,6
seo page analysis,9900,LOW,1
best search engine optimization,2400,LOW,6
marketing cms,320,LOW,13
ecommerce content marketing strategy,140,LOW,1
outsourcing content creation,170,LOW,10
seo for estate agents,1000,LOW,0
simple seo,590,LOW,7
top digital marketing,260,LOW,9
best digital marketing services,590,LOW,5
seo agency for small business,590,LOW,1
online video advertising youtube,10,UNSPECIFIED,0
b2b saas content strategy,50,LOW,3
local seo search,260,LOW,3
seo guru,480,LOW,3
search engine optimization keywords,9900,LOW,7
digital agency seo,720,LOW,1
seo sem digital marketing,480,LOW,0
audio marketing,140,LOW,15
digital video agency,50,LOW,0
site optimization,720,LOW,3
cdmp marketing,40,LOW,13
enterprise content strategy,90,LOW,4
digital marketing indeed,170,LOW,2
forbes digital marketing 2023,70,LOW,0
digital marketing for hospitals,880,LOW,2
online display advertising,1000,LOW,4
affiliate marketing content,210,LOW,6
shopify seo company,480,LOW,3
explain digital marketing,4400,LOW,3
content strategy for linkedin,480,LOW,8
local marketing agency near me,1000,LOW,12
digital marketing seo agency,1300,LOW,2
freelance seo copywriter,110,LOW,1
outsource link building,1000,LOW,2
managed seo services,720,LOW,1
google adwords in digital marketing,480,LOW,0
digital media and marketing,4400,LOW,10
local link building,590,LOW,5
digital marketing content strategy,480,LOW,1
best b2b content marketing companies,20,LOW,0
seo web design companies,3600,LOW,1
ecommerce seo packages,390,LOW,1
seo backlink service,3600,LOW,2
online marketing campaign,880,LOW,3
content marketing near me,1300,LOW,2
digital marketing and content creation,40,MEDIUM,41
website for marketing,2900,LOW,33
on page and off page seo,320,LOW,2
developing a content marketing strategy,70,LOW,1
search engine optimization companies,480,LOW,5
local seo for lawyers,880,LOW,3
seo content machine,320,LOW,1
seo expert agency,320,LOW,0
seo content creation,1600,LOW,0
search engine rankings,2900,LOW,2
cyber marketing,210,LOW,1
product marketing video,390,LOW,6
akqa agency,140,LOW,6
google digital garage digital marketing,90,LOW,13
pay per click advertising agency,8100,LOW,6
alpha seo,70,MEDIUM,39
hubspot academy content marketing,40,LOW,19
content companies,320,LOW,12
web digital marketing,320,LOW,1
video marketing for small business,880,LOW,3
seo content hero,70,LOW,1
google certified digital marketing,4400,MEDIUM,52
rank seo,8100,LOW,8
content agency near me,170,MEDIUM,51
finding seo keywords,4400,LOW,4
best internet marketing company,1300,LOW,3
seo service company,3600,LOW,1
seo writing services,480,LOW,1
advertising ppc,6600,LOW,12
digital video advertising,170,LOW,4
performance marketing world,90,LOW,12
creative content marketing,390,LOW,1
360 digital marketing,170,LOW,7
on page seo optimization,2400,LOW,1
digital agency company,90,LOW,5
freelance seo services,590,LOW,0
best digital marketing agency near me,590,LOW,4
cbd seo,320,LOW,1
full service digital marketing agency,880,LOW,7
seo optimized content writing,90,LOW,2
google search engine optimisation,14800,LOW,22
croud agency,210,LOW,3
best content marketing agencies,720,LOW,2
google analytics digital marketing,390,LOW,1
branded content agency,110,LOW,19
seo content marketing agency,480,LOW,2
marketing strategy for online business,390,LOW,2
online marketing companies list,110,LOW,2
google ranking expert,20,LOW,9
seo for electricians,1300,LOW,2
the content market com,10,LOW,0
landing page optimisation,1600,LOW,7
video marketing in digital marketing,210,LOW,0
top rated seo companies,720,LOW,1
healthcare content marketing agency,140,LOW,2
search engine marketing agencies,1900,LOW,4
best seo agency rankstar,90,LOW,0
cheap seo company,1000,LOW,0
top 10 digital marketing companies in world,320,LOW,4
marketing digital influencer,590,LOW,1
internet marketing specialist,210,LOW,3
performance marketer,8100,LOW,18
automated link building,260,LOW,3
white label seo services for agencies,390,LOW,1
website design and seo services,3600,LOW,1
reputable seo companies,320,LOW,1
personalised video marketing,260,LOW,4
digital marketing quotation,480,LOW,2
strategic content,9900,LOW,7
digital marketing agency primelis,170,LOW,3
content copywriter,210,LOW,4
website content marketing,720,LOW,1
content optimization,1300,LOW,2
internet marketing agency,8100,LOW,29
content strategy company,140,LOW,2
local search engine,260,LOW,4
brandpoint content,40,LOW,4
top seo marketing companies,480,LOW,1
b2b seo company,880,LOW,2
smm in digital marketing,260,LOW,2
seo agency website,390,LOW,4
google seo consultant,480,LOW,0
video for business marketing,1300,LOW,2
digital marketing studio,260,LOW,4
seo recommendations,720,LOW,2
hubspot content marketing strategy,20,LOW,2
hubspot content strategy,110,LOW,1
content marketing for small businesses,880,LOW,1
hubspot academy seo,110,LOW,3
search engine optimization for lawyers,6600,LOW,1
seo site analysis,1300,LOW,3
multi channel content strategy,30,LOW,3
podcast social media marketing,320,LOW,18
local seo management,210,LOW,1
wp seo,170,LOW,5
igaming seo agency,210,LOW,4
paid social marketing,720,LOW,11
seo blogger,390,LOW,1
seo sop,320,LOW,1
digital marketing industry,590,LOW,5
roi in digital marketing,590,LOW,2
content marketing semrush,30,LOW,0
local seo companies near me,2400,LOW,5
hotel seo,1600,LOW,1
integrated content strategy,30,LOW,11
organic content marketing,210,LOW,7
looking for seo,140,LOW,3
hvac seo services,880,LOW,1
online digital marketing agency,590,LOW,3
full stack digital marketing,260,LOW,9
seo copywriting services,1600,LOW,1
multilingual seo,880,LOW,1
search engine optimisation in digital marketing,390,LOW,1
digital marketing for financial services,720,LOW,6
website optimization company,720,LOW,2
digital advertising strategy,720,LOW,5
weebly seo,720,LOW,1
garyvee content strategy,40,LOW,0
best content creation companies,40,LOW,4
content for affiliate marketing,210,LOW,6
marketing video creation,30,LOW,17
basic digital marketing,720,LOW,23
seo ranking service,1300,LOW,0
digital marketing website content,40,LOW,0
marketing agency social media posts,40,LOW,0
marketo cms,30,LOW,10
marketing and content creation,70,LOW,9
seo digital,320,LOW,1
online digital marketing services,480,LOW,2
white label content marketing,170,LOW,1
sales content strategy,40,LOW,1
white label seo packages,390,LOW,0
ecommerce seo audit,480,LOW,1
content creation and marketing,480,LOW,5
social campaign,390,LOW,6
digital marketing influencers,390,LOW,5
best seo firm,1600,LOW,3
native content,9900,LOW,17
international digital marketing,320,LOW,1
online digital marketing company,590,LOW,6
white label local seo services,590,LOW,1
deloitte digital marketing,260,LOW,7
sem ppc,320,LOW,1
seo ebook,390,LOW,0
best digital marketing campaigns,390,LOW,5
dental website seo,590,LOW,1
best digital signage companies,590,LOW,2
affordable local seo,390,LOW,0
digital agency marketing,110000,LOW,13
interactive content marketing,210,LOW,1
guaranteed seo services,1000,LOW,1
pay per click advertising company,8100,LOW,6
b2b seo consultant,480,LOW,0
seo content audit,720,LOW,1
video lead generation,140,LOW,5
seo copywriting agency,260,LOW,0
digital marketing in 2022,170,LOW,0
paid social strategy,170,LOW,9
seo on page and off page,5400,LOW,2
coursera content marketing,50,LOW,31
sheer seo,30,LOW,25
global seo,1000,LOW,1
global seo agency,1600,LOW,1
digital marketing in pharmaceutical industry,880,LOW,2
small business online marketing,9900,LOW,2
search engine optimization advertising,170,LOW,2
search optimization companies,40500,LOW,7
razorfish agency,210,LOW,10
linkedin video marketing,140,LOW,3
social media marketing companies for small business,1600,LOW,8
content marketing agency near me,1900,LOW,3
pinterest content strategy,40,LOW,0
branded content production companies,50,LOW,11
linkedin content creation,140,LOW,18
paid media advertising,210,LOW,8
best seo consultant,880,LOW,1
saas content strategy,210,LOW,2
interactive video advertising,170,LOW,9
digital marketing 360,140,LOW,5
branding content,2400,LOW,7
digital marketing is,320,LOW,3
grow digital marketing,390,LOW,8
real estate seo services,880,LOW,1
crypto seo,140,LOW,3
affordable seo marketing,260,LOW,0
digital marketing communication,170,LOW,12
rich media advertising,260,LOW,18
agility digital,110,LOW,7
yt seo,40,LOW,26
seo media,480,LOW,2
local seo marketing,720,LOW,4
wincher seo,140,LOW,7
seo explained simply,70,LOW,5
headless cms market share,10,MEDIUM,39
marketing search engine optimization,27100,LOW,17
social media marketing content creation,70,LOW,4
joomla seo,590,LOW,1
gsa backlink,40,LOW,24
brafton content marketing,30,LOW,12
sarkar seo,30,LOW,4
influencer content,260,LOW,20
seo adwords,480,LOW,1
b2b saas content writer,90,LOW,0
laravel seo,110,LOW,1
real estate seo expert,590,LOW,0
ecommerce ppc strategy,140,LOW,1
seo for small business owners,210,LOW,6
seo website design company,3600,LOW,1
website optimization services,1300,LOW,1
wordpress seo consultant,720,LOW,0
on page seo and off page seo,720,LOW,1
saas seo consultant,480,LOW,0
global digital marketing,170,LOW,13
go digital marketing,40,LOW,4
shopify seo consultant,390,LOW,1
social media content marketing agency,50,LOW,2
ecommerce content,390,LOW,1
content marketing pricing packages,40,LOW,4
web marketing digital,50,LOW,4
search engine optimization expert,720,LOW,2
digital marketing social media posts,30,LOW,7
digital advertising near me,480,LOW,5
digital advertising specialist,260,LOW,13
digital marketing includes,90,LOW,2
video content marketing agency,110,LOW,2
on page search engine optimization,2400,LOW,1
organic digital marketing,320,LOW,4
search engine optimization firms,880,LOW,1
homepage content strategy,20,LOW,5
customer content marketing,30,LOW,2
organic content strategy,40,LOW,11
social media and content marketing,880,LOW,3
link building experts,390,LOW,1
wordpress marketing,70,LOW,23
website search engine optimization,8100,LOW,10
seo search optimization,246000,LOW,18
effective seo,390,LOW,1
ppc search engine,90,LOW,0
content marketing solution,590,LOW,0
best content strategy,70,LOW,11
content marketing for doctors,40,LOW,0
digital marketing materials,140,LOW,9
google analytics in digital marketing,390,LOW,1
b2b marketing institute,40,LOW,5
digital marketing content creation,390,LOW,4
seo organization,390,LOW,2
content for digital marketing agency,110,LOW,0
content marketing seo,2400,LOW,1
effective content marketing,70,LOW,0
marketing social media posts,110,LOW,15
seo wiz,90,LOW,1
affordable seo agency,480,LOW,2
content marketing for financial advisors,110,LOW,4
top internet marketing companies,320,LOW,1
content marketing 2022,10,LOW,0
digital mkt,8100,LOW,28
seo marketing consultant,880,LOW,1
google site ranking,1600,LOW,4
internet digital marketing,320,LOW,2
video social media marketing,880,LOW,5
find seo,170,LOW,1
content marketing agency of the year,20,LOW,0
tiktok content marketing,50,LOW,13
display advertising agency,720,LOW,1
search engine optimization pricing,8100,LOW,4
ecommerce content agency,30,LOW,2
internet advertising agency,390,LOW,1
seo social,260,LOW,0
digital campaign strategy,70,LOW,8
marketing digital 2022,20,LOW,1
hotel video marketing,70,LOW,6
wordpress seo expert,720,LOW,0
search engine optimisation service,2900,LOW,1
organic seo agency,720,LOW,1
paid link building,20,LOW,9
internet marketing service near me,9900,LOW,1
digital marketing youtube channel,30,LOW,13
explainer video marketing,50,LOW,8
seo off page optimization,140,LOW,0
healthcare content,70,LOW,4
inbound content marketing,590,LOW,0
marketing services companies,590,LOW,5
webpage seo,390,LOW,4
global digital agency,70,LOW,5
ecommerce digital,480,LOW,18
off page optimization,880,LOW,2
seo building,880,LOW,1
search engine specialist,170,LOW,2
social media video content,140,LOW,7
seo organic,2900,LOW,2
restaurant video marketing,90,LOW,1
grow your business with digital marketing,70,LOW,3
content marketing agency pricing,40,LOW,0
internet marketing business,320,LOW,1
paid search engine marketing,720,LOW,7
seo and content marketing agency,480,LOW,2
seo and sem marketing,5400,LOW,3
search engine site,1600,LOW,3
marketmuse pricing,70,LOW,10
content marketing pricing,70,LOW,5
search engine marketing consultant,720,LOW,2
electronic advertising,320,LOW,8
instagram content marketing,50,LOW,9
online marketing and advertising,49500,LOW,12
digital content creation companies,70,LOW,2
personalized content marketing,140,LOW,1
social video agency,70,LOW,0
cluster content strategy,50,LOW,0
local seo backlinks,320,LOW,2
paid online marketing,720,LOW,10
seo content services,590,LOW,0
paid social campaigns,390,LOW,8
seo crawl,2900,LOW,1
digital marketing technologies,720,LOW,2
linkedin content strategy 2022,10,LOW,0
web page optimization,260,LOW,7
content marketing plans,880,LOW,3
seo audit services,2400,LOW,1
video on demand advertising,260,LOW,6
healthcare content strategy,90,LOW,1
successful digital marketing campaigns,260,LOW,2
seo planning,1900,LOW,2
social media video advertising,320,LOW,22
ppc paid search,90,LOW,2
push digital marketing,70,LOW,8
digital branding company,390,LOW,3
social content marketing,880,LOW,3
quality link building,320,LOW,1
web optimisation,480,LOW,2
ecommerce website seo,2900,LOW,0
search engine marketing specialist,390,LOW,1
digital marketing and branding,480,LOW,7
paid content marketing,110,LOW,1
clickbait marketing,110,LOW,16
content based marketing,90,LOW,6
local search google,110,LOW,5
dental seo expert,1300,LOW,4
jolly seo,90,LOW,2
marketing writers,40,LOW,12
google maps ranking,880,LOW,16
need seo,140,LOW,2
lead generation content marketing,2400,LOW,0
social media marketing in digital marketing,70,LOW,14
brand content marketing,480,LOW,2
search engine optimization packages,1300,LOW,6
digital product marketing,480,MEDIUM,42
seo and content writing,4400,LOW,3
b2b internet marketing agency,880,LOW,1
gated content,480,LOW,1
search engine optimization consultants,14800,LOW,3
seo development,260,LOW,1
affordable search engine optimization,480,LOW,0
interactive agency,480,LOW,3
best content agencies,40,LOW,21
small business seo agency,1300,LOW,1
high quality link building,210,LOW,2
seo outsourcing services,720,LOW,0
homepage seo,390,LOW,2
upcity seo,140,LOW,0
audit website seo,5400,LOW,2
competitor seo,1900,LOW,0
best digital campaigns,260,LOW,6
seo web marketing,1000,LOW,0
primal digital marketing,20,LOW,10
local digital marketing agency,720,LOW,4
local seo ranking,720,LOW,3
seo and link building,2400,LOW,1
wordpress search engine optimization,4400,LOW,6
digital marketing partner,390,LOW,3
digital marketing agency ads,390,LOW,10
effective content marketing strategy,50,LOW,0
pop marketing,480,LOW,4
seo strategy in digital marketing,70,LOW,4
syndication marketing,90,LOW,8
top content creation companies,30,LOW,10
content cluster strategy,30,LOW,3
custom content marketing,110,LOW,1
digital marketing agency social media posts,40,LOW,2
hotel seo services,210,LOW,0
magento seo agency,320,LOW,0
digital media marketing companies,320,LOW,9
skyscraper seo,320,LOW,1
shopify content marketing,40,LOW,10
digital content creation agency,50,LOW,2
lead generation through content marketing,30,MEDIUM,57
marketing por internet,390,LOW,2
wordpress seo agency,320,LOW,1
paid digital advertising,720,LOW,10
digital marketing promotion,110,LOW,22
digital brand marketing,480,LOW,7
content marketing experts,390,LOW,0
seo expert services,1600,LOW,0
ahrefs price,5400,LOW,2
international seo consultant,880,LOW,0
video marketing online,720,LOW,2
personalised content,70,LOW,1
analytics seo,2900,LOW,2
best search engine optimization company,12100,LOW,7
seo management services,590,LOW,1
marketing and digital marketing,368000,MEDIUM,46
digital marketing and advertising agency,110000,LOW,13
digital marketing video content,30,LOW,0
b2c content marketing,140,LOW,2
tiktok video marketing,260,LOW,8
looking for seo services,260,LOW,1
angular seo,880,LOW,0
content seo strategy,2900,LOW,1
digital copywriting,90,LOW,4
detailed seo,260,LOW,15
online and social media marketing,2400,LOW,11
web agency seo,480,LOW,1
digital marketing insights,720,LOW,3
content creation sites,720,LOW,17
the seo company,260,LOW,1
direct digital marketing,260,LOW,5
internet marketing seo,3600,LOW,0
digital media marketing services,590,LOW,1
website seo marketing,1300,LOW,1
dig marketing,368000,MEDIUM,46
digital brand strategy,390,LOW,3
cheap seo packages,1300,LOW,1
digital display marketing,390,LOW,26
b2b video content,40,LOW,9
ecommerce content marketing,1000,LOW,0
user generated content campaigns,390,LOW,31
backlinks indexer,320,LOW,4
seo co,40500,LOW,7
web design and seo services,3600,LOW,1
video marketing 2023,10,UNSPECIFIED,0
my seo,320,LOW,2
harry williams digital marketing expert,10,LOW,0
seo it,480,LOW,1
content creation firm,1900,LOW,9
affordable link building services,480,LOW,1
international seo company,590,LOW,0
website marketing campaign,880,LOW,3
content marketing storytelling,210,LOW,1
copywriting marketing digital,20,LOW,3
internet marketing firms,6600,LOW,6
digital seo agency,390,LOW,1
web site optimization,2900,LOW,19
organic search engine optimization,2900,LOW,2
digital experts,70,LOW,7
sem optimization,390,LOW,5
national seo services,590,LOW,2
local seo services near me,4400,LOW,2
content syndication campaign,30,LOW,31
instagram video promotion,110,LOW,18
contextual link building,90,LOW,2
innovative content marketing,50,LOW,2
automated content marketing,480,LOW,1
linkedin content marketing strategy,30,LOW,0
best seo company for lawyers,720,LOW,2
organic search seo,2900,LOW,2
local search engine marketing,590,LOW,2
internet marketing consultant,1900,LOW,2
landing page url best practices,40,LOW,6
rank higher on google maps,140,LOW,19
best link building,170,LOW,1
search engine optimization services near me,33100,LOW,3
top seo consultants,480,LOW,1
content promotion,880,LOW,5
agency video,1600,LOW,15
google video marketing,40,LOW,16
best content for social media marketing,10,LOW,0
integrated digital marketing,390,LOW,2
cms market share 2022,10,UNSPECIFIED,0
tech seo,720,LOW,1
cybersecurity content marketing,90,LOW,1
react seo optimization,20,LOW,4
content marketing and seo,2400,LOW,1
drupal seo,720,LOW,0
blogging and content marketing,590,LOW,3
sme digital marketing,30,LOW,0
predictive content marketo,140,LOW,6
search engine marketing service,720,LOW,6
search engine optimization seo services,2900,LOW,1
best social campaigns,590,LOW,10
seo web agency,480,LOW,1
pay per click consultant,480,LOW,1
medical content marketing,70,LOW,1
the content market,20,LOW,11
seo ranking search,590,LOW,2
content marketing for accountants,70,LOW,0
search rank,1600,LOW,2
creative content strategy,90,LOW,1
seo majestic,110,LOW,1
native content advertising,140,LOW,6
content seo agency,590,LOW,2
seo submission,390,LOW,1
marketing seo company,12100,LOW,3
basic social media marketing,260,LOW,16
ahrefs local seo,590,LOW,0
digital content company,70,LOW,11
saas content agency,110,LOW,2
seo and sea,210,LOW,0
best content for digital marketing,70,LOW,4
influencer content strategy,30,LOW,23
real estate social posts,30,MEDIUM,54
best content marketing companies,720,LOW,2
smart content marketing,40,LOW,0
seo related keywords,210,LOW,1
akamai market share,40,LOW,0
content strategy in digital marketing,50,LOW,3
custom seo,480,LOW,0
digital marketing agency content,480,LOW,0
seo press,880,LOW,6
digital marketer com,110,LOW,17
jarvis seo,10,LOW,19
it digital marketing,90,LOW,4
seo internal links,4400,LOW,1
digital marketing services company,590,LOW,2
naver seo,260,LOW,0
best seo service provider,320,LOW,1
1 seo company,260,LOW,0
seo for yahoo,320,LOW,1
personalized website content,40,LOW,6
seo top,320,LOW,3
social media content marketing strategy,110,LOW,1
improve search engine optimization,3600,LOW,6
wyzowl video marketing,30,MEDIUM,46
vimeo seo,110,LOW,0
seo web services,590,LOW,2
website content agency,70,LOW,3
online marketing content,390,LOW,1
spotify content marketing,20,LOW,0
seo optimisation services,2900,LOW,1
best search engine marketing company,590,LOW,0
paid owned and earned media,880,LOW,1
gated landing page,20,MEDIUM,35
user generated content influencer marketing,30,LOW,10
web and seo services,2900,LOW,4
wordpress seo company,480,LOW,1
best content marketing agencies in the world,30,LOW,0
wix and seo,2900,LOW,8
display advertising in digital marketing,140,LOW,8
seo for financial services,1300,LOW,1
best seo company primelis,70,LOW,0
marketing for writers,50,LOW,7
paid searches,170,LOW,3
native content marketing,40,LOW,10
digital marketing marketing,368000,MEDIUM,46
outbrain dsp,40,MEDIUM,57
flutter seo,50,LOW,1
inbound marketing content strategy,70,LOW,0
black hat link building,260,LOW,3
content marketing customer journey,70,LOW,0
content strategy for startups,20,LOW,0
global seo company,480,LOW,0
seo positioning,720,LOW,0
hubspot content creation,30,LOW,30
content repurposing strategy,390,LOW,2
copywriting digital marketing,90,LOW,16
organic seo services,880,LOW,2
good seo company,12100,LOW,7
affordable local seo services,720,LOW,1
content marketing reddit,50,LOW,1
law firm web marketing,6600,LOW,2
seo is,390,LOW,1
digital marketing seo services,1900,LOW,1
mailchimp content optimizer,20,LOW,7
google seo rank,2900,LOW,2
local search marketing,1000,LOW,1
professional seo company,1300,LOW,0
evergreen content strategy,210,LOW,0
ppc consultancy,590,LOW,4
search result optimization,50,LOW,7
seo for agencies,40500,LOW,6
seo professional services,880,LOW,0
content marketing strategy agency,70,LOW,0
seo branding,720,LOW,7
content inc,140,MEDIUM,48
contentking pricing,40,LOW,2
houston seo company,3600,LOW,2
paid online advertising strategy,50,LOW,1
digital marketing northern beaches,10,LOW,0
influencer generated content,70,LOW,5
marketing & communication,5400,LOW,10
local search optimization,720,LOW,3
google link building,2400,LOW,1
digital marketing canvas,170,LOW,32
relevel digital marketing,10,LOW,0
digital agency video,10,LOW,0
effective seo and content marketing,30,LOW,4
web searches,6600,LOW,7
google content marketing,30,LOW,5
on page off page seo,320,LOW,1
gsa seo indexer,30,LOW,11
search marketing agencies,1900,LOW,4
optimization company,390,LOW,14
search engine optimization analysis,2900,LOW,5
seo company rankings,480,LOW,1
seo visibility,480,LOW,2
seo expert company,590,LOW,0
independent seo consultant,260,LOW,0
site optimisation,480,LOW,2
search ppc,210,LOW,2
seo tech,1000,LOW,1
keywords optimization,1300,LOW,4
seo based content writing,140,LOW,0
e commerce seo agency,480,LOW,1
search engine marketing solutions,210,LOW,1
pr seo,1000,LOW,1
local seo for contractors,320,LOW,3
best content marketing strategy,110,LOW,1
seo smm,90,LOW,5
b2b content marketing services,480,LOW,1
content marketing ebook,70,LOW,3
local seo for dentists,880,LOW,3
best content marketing,320,LOW,2
seo global,1000,LOW,1
ecommerce seo specialist,480,LOW,0
cora seo,320,LOW,6
facebook video marketing,140,LOW,5
title tag optimization,260,LOW,1
self seo,320,LOW,0
retail digital marketing,480,LOW,3
checking backlinks,4400,LOW,2
global content marketing,70,LOW,1
outbrain cpc,10,MEDIUM,43
educational content marketing,170,LOW,2
seo click,140,LOW,5
bright local search,210,LOW,12
video marketing firm,2900,LOW,4
website content marketing strategy,50,LOW,2
local digital marketing services,210,LOW,3
seo magento,320,LOW,0
internal link audit,320,LOW,0
content strategy 2022,10,LOW,0
search engine optimisation specialist,1000,LOW,1
national seo company,390,LOW,2
seo world,210,LOW,2
ecommerce link building,880,LOW,1
ecommerce seo companies,2400,LOW,3
content marketing business,110,LOW,4
internet marketing solutions,260,LOW,1
seo maps,260,LOW,2
viral video marketing,210,LOW,7
content marketing companies,720,LOW,3
complete seo,390,LOW,1
online direct marketing,70,LOW,4
best video marketing companies,30,LOW,6
seo digital marketing company,6600,LOW,2
crypto seo agency,170,LOW,1
digital and content marketing,1600,LOW,3
mobile seo,1600,LOW,1
facebook content strategy,90,LOW,2
the content marketing matrix,10,LOW,0
joe pulizzi content marketing,20,LOW,2
youtube content strategy,320,LOW,5
local seo keywords,590,LOW,2
off page,480,LOW,1
website content copywriting,260,LOW,1
branding social media posts,70,LOW,16
sitecore cmp,30,LOW,22
online content strategy,70,LOW,1
content marketing agency services,390,LOW,0
b2b content syndication services,50,LOW,10
digital marketing strategy consultant,480,LOW,1
local pack seo,320,LOW,1
buyer's journey content,40,LOW,9
seo consultancy services,4400,LOW,1
local seo marketing services,2900,LOW,1
ecommerce copywriting services,50,LOW,3
e commerce and internet marketing,30,LOW,6
astro seo,140,LOW,4
seo link building company,1000,LOW,1
content and seo,2900,LOW,2
influencer posts,170,LOW,7
link building campaign,390,LOW,1
seo and content agency,590,LOW,2
in digital marketing,110,LOW,14
sponsored content advertising,40,LOW,11
seo in ecommerce,4400,LOW,3
organic search engine,260,LOW,1
dofollow seo backlinks,10,LOW,10
paid owned earned media,880,LOW,1
content for real estate marketing,20,UNSPECIFIED,0
search engine marketing firm,720,LOW,1
content marketing strategy 2022,10,LOW,0
content marketing and branding,480,LOW,2
hubspot content,70,LOW,17
seo content marketing services,390,LOW,0
facebook content marketing,70,LOW,1
content marketing for brand awareness,170,LOW,1
digital marketing brochure content,10,LOW,0
organic link building,260,LOW,1
seo & marketing,49500,LOW,13
ecommerce seo expert,880,LOW,0
content influencer,260,LOW,20
e marketing strategy,320,LOW,1
content marketing tiktok,20,LOW,7
editorial content strategy,50,LOW,0
brand awareness video,40,LOW,30
sales content,210,LOW,4
online marketing ppc,210,LOW,3
local seo marketing agency,480,LOW,1
content marketing media,260,LOW,2
search engine companies,390,LOW,5
promote your content,40,LOW,18
yandex seo,480,LOW,0
search engine visibility,390,LOW,2
automotive seo company,880,LOW,2
digital marketing field,40,LOW,8
paid search optimization,170,LOW,3
fintech seo,260,LOW,1
direct and digital marketing,260,LOW,5
online seo consultant,260,LOW,0
native video advertising,110,LOW,15
content on digital marketing,20,LOW,0
global content strategy,50,LOW,0
robert rose content marketing,40,LOW,0
avada seo,140,LOW,7
seo campaign management,390,LOW,1
seo lead,1300,LOW,3
marketing infographics,480,LOW,1
seo and digital marketing services,1900,LOW,1
search engine consultant,720,LOW,1
neuromarketing digital,20,LOW,6
content marketing for tech companies,110,LOW,0
local seo specialist,720,LOW,2
content marketing link building,70,LOW,0
seo and analytics,2900,LOW,2
effective content strategy,20,LOW,7
copywriting for digital marketing,90,LOW,16
local seo services pricing,260,LOW,2
web design seo services,3600,LOW,1
web based marketing,70,LOW,0
white hat seo service,590,LOW,1
content creation for digital marketing,390,LOW,4
digital kings marketing,30,LOW,5
lead digital,140,LOW,2
seo working,1300,LOW,5
local seo consultants,1000,LOW,0
cheap search engine optimization,1900,LOW,2
cloudflare seo,320,LOW,1
digital marketing creative ads,40,LOW,0
top 10 seo agencies,590,LOW,1
web agency marketing,260,LOW,0
best content for affiliate marketing,10,MEDIUM,50
cross channel marketing strategy,170,LOW,1
social media content for marketing agency,40,LOW,0
visual content marketing,170,LOW,0
video marketing best practices,90,LOW,1
ecommerce seo consultant,590,LOW,0
seo and sem in digital marketing,140,LOW,3
off page optimization in digital marketing,20,LOW,2
video optimization,1000,LOW,7
content for marketing agency,20,LOW,7
content marketing sites,720,LOW,1
pardot cms,10,LOW,0
internet and social media marketing,110,LOW,2
local seo firm,590,LOW,1
animated marketing video production,70,LOW,0
best ecommerce seo,590,LOW,0
seo lighthouse,20,LOW,14
amazon content marketing,20,LOW,9
content competitor analysis,210,LOW,1
sco in digital marketing,30,LOW,7
4 marketing,70,LOW,3
local business seo services,480,LOW,0
b2b copywriting services,90,LOW,0
search engine optimisation marketing,27100,LOW,17
content marketing roi,480,LOW,1
search engine optimization marketing services,260,LOW,1
automotive seo services,590,LOW,1
organic seo company,1000,LOW,0
best content marketing brands,70,LOW,2
real estate search engine optimization,2400,LOW,5
search marketing services,260,LOW,1
video seo services,720,LOW,0
automotive video marketing,320,LOW,3
local search engine optimisation services,480,LOW,0
enterprise content marketing,170,LOW,1
1 seo agency,210,LOW,1
content creation cost,70,LOW,9
sponsored content marketing,30,LOW,0
ecommerce content marketing agency,90,LOW,0
brand building content,10,MEDIUM,64
omnichannel content,70,LOW,9
saas content,140,LOW,12
content production strategy,40,LOW,0
thought leadership content marketing,170,LOW,1
online seo company,480,LOW,0
social media posts for digital marketing agency,30,LOW,8
search engine services,320,LOW,1
sta je seo,10,LOW,0
search intent marketing,90,LOW,1
expert seo company,320,LOW,0
a seo,140,LOW,1
content media company,50,LOW,16
digital marketing content for website,30,LOW,0
content led marketing,20,LOW,0
content curation strategy,110,LOW,0
b2b content creation agency,70,LOW,1
digital content marketing agency,480,LOW,0
digital marketing optimization,480,LOW,2
search engine optimisation companies,40500,LOW,7
onpage optimization,880,LOW,3
seo a,260,LOW,0
e marketing in e commerce,20,LOW,0
video marketing campaigns,140,LOW,4
on site optimization,480,LOW,0
professional seo agency,260,LOW,1
content marketing strategy services,210,LOW,0
content marketing reporting,170,LOW,1
video marketing 2022,10,LOW,0
search engine promotion,260,LOW,0
website ranking analysis,320,LOW,1
contentmarketinginstitute,1300,LOW,9
paid search engine optimization,590,LOW,2
nike digital marketing,90,LOW,0
seo consultant company,1900,LOW,1
content marketing udemy,20,LOW,0
fintech content marketing,70,LOW,2
quora seo,320,LOW,0
top content marketing agencies,480,LOW,1
website seo consultant,720,LOW,0
competitive content analysis,390,LOW,1
ecommerce video marketing,590,LOW,4
top search engine optimization companies,1600,LOW,3
content and copywriting,210,LOW,4
content marketing is,50,LOW,1
internet marketing experts,880,LOW,1
bigcommerce seo experts,320,LOW,0
content marketing management,320,LOW,1
advanced content marketing,30,LOW,2
complete seo package,10,LOW,7
meta tag optimization,170,LOW,3
digital media campaign,90,LOW,3
best content marketing websites,70,LOW,1
animalz content marketing,30,LOW,0
canva seo,70,LOW,12
moz content marketing,140,LOW,0
houston seo expert,480,LOW,1
the content marketing institute,40,LOW,0
lead generation content,110,LOW,4
seo for,260,LOW,1
medical seo services,590,LOW,2
paid search marketing is entirely driven by google,10,LOW,0
managing content marketing,50,LOW,0
se seo,170,LOW,0
spider seo,30,LOW,20
creating a content marketing strategy,140,LOW,0
user generated marketing,1600,LOW,22
off site optimization,320,LOW,0
organic search engine optimization services,880,LOW,2
evergreen content marketing,30,LOW,3
airbnb content marketing,30,LOW,0
visual content,590,LOW,1
paid search sem,720,LOW,7
creative content marketing agency,50,LOW,1
seo driven content,260,LOW,3
digital marketing bangla,30,LOW,0
search engine positioning,27100,LOW,17
top content marketing companies,480,LOW,1
local search marketing services,320,LOW,1
content generation strategy,1000,LOW,4
inbound marketing bureau,20,LOW,0
slim digital marketing,20,LOW,0
seo 1,170,LOW,5
international seo marketing,320,LOW,0
microsoft seo,170,LOW,0
social media marketing today,30,LOW,8
search engine optimization companies for small business,1300,LOW,1
google search engine seo,140,LOW,1
edge seo,590,LOW,3
content marketing newsletter,140,LOW,11
organic seo studio,30,LOW,0
site competitor analysis,2900,LOW,2
digital paid media,90,LOW,11
google places seo,480,LOW,1
seo internet marketing services,480,LOW,0
seo laravel,70,LOW,0
organic social posts,70,LOW,15
best b2b content marketing,50,LOW,2
youtube content marketing,50,LOW,0
seo web analytics,260,LOW,0
best seo services company,880,LOW,1
iiedm,20,LOW,0
seo one click,40,LOW,12
coca cola content marketing,20,LOW,3
storytelling content strategy,20,MEDIUM,33
b2b saas content,50,LOW,3
product led content,50,LOW,0
oracle content marketing,10,LOW,0
distilled seo,170,LOW,0
on and off page seo,720,LOW,1
multi channel content marketing,40,LOW,1
digital marketing and traditional marketing,140,LOW,2
agile content marketing,20,LOW,0
online internet marketing,22200,LOW,15
all seo,90,LOW,2
seo for tech companies,390,LOW,0
seo optimised content,1900,LOW,1
seo content creation services,320,LOW,0
content creation digital marketing,390,LOW,4
seo s,49500,LOW,13
epic content marketing joe pulizzi,30,LOW,24
best ecommerce seo company,1000,LOW,1
content driven marketing,70,LOW,0
global seo services,480,LOW,0
search engine optimisation agency,140,LOW,0
dmwf,170,LOW,2
saas content marketing services,110,LOW,0
search engine marketing expert,390,LOW,2
godaddy search engine visibility,140,LOW,2
seo optimisation company,170,LOW,0
content strategy for saas,210,LOW,2
search engine optimisation expert,390,LOW,1
measuring content marketing,260,LOW,0
paid sem,720,LOW,7
good content marketing,320,LOW,2
content promotion strategy,320,LOW,1
tech content marketing,210,LOW,3
seo in 1 click,10,LOW,2
online web marketing,210,LOW,4
pillar page seo,110,LOW,2
ecommerce seo firm,210,LOW,0
visual content strategy,40,LOW,4
best user generated content campaigns,40,MEDIUM,48
uberflip linkedin,10,LOW,0
content marketing financial services,260,LOW,2
influencer content marketing,110,LOW,6
buzzsumo content discovery,10,LOW,0
content marketing costs,90,LOW,7
cpanel seo,20,LOW,8
product marketing content,110,LOW,6
social media marketing companies pricing,70,LOW,0
b2b tech content,50,LOW,5
need of digital marketing,210,LOW,5
video content marketing strategy,140,LOW,1
website content creation services,210,LOW,0
ross simmonds,210,LOW,3
content creation 101,90,LOW,33
content marketing overview,40,LOW,0
content influencer marketing,110,LOW,6
content and marketing,22200,LOW,11
best search engine optimization services,3600,LOW,3
of page seo,20,LOW,0
seo digital company,320,LOW,0
top search engine optimization,390,LOW,0
seo for small business website,880,LOW,1
seo mobile optimization,260,LOW,1
seo local search,1000,LOW,1
professional search engine optimization,590,LOW,1
integrated content marketing,70,LOW,0
content media agency,20,LOW,13
copywriting and content creation,30,LOW,0
best local seo services,480,LOW,2
corporate seo,260,LOW,5
link audit,320,LOW,0
content marketing hubspot academy,20,LOW,13
top ranked seo company,720,LOW,0
branded content advertising,70,LOW,20
mobile content marketing,170,LOW,0
content marketing consultancy,880,LOW,2
copywriting text,10,LOW,0
youtube video marketing agency,50,LOW,8
food content marketing,20,LOW,0
oh puhleeez digital marketing solutions,10,LOW,3
creating content for social media marketing,20,LOW,0
sco search,140,LOW,0
content marketing and advertising,50,LOW,0
content customer journey,20,MEDIUM,36
internet marketing advertising,210,LOW,1
content marketing az,10,HIGH,100
seo driven,140,LOW,2
ecommerce search engine optimization,1600,LOW,2
copywriting in digital marketing,10,LOW,1
promotional video content,10,LOW,0
saas content marketing strategy,90,LOW,0
viral content marketing,50,LOW,1
atlas seo,210,MEDIUM,48
above the fold seo,260,LOW,0
seo services firm,880,LOW,0
seo maintenance,210,LOW,5
organic search engine marketing,2900,LOW,2
content marketing for dentists,90,LOW,1
google content strategy,20,LOW,2
organic seo consultant,720,LOW,0
organic optimization,140,LOW,1
traditional and digital marketing,140,LOW,2
dental internet marketing,6600,LOW,1
marketing audio,20,MEDIUM,45
seo services for ecommerce websites,320,LOW,1
web content agency,70,LOW,3
financial content marketing,90,LOW,0
content marketing strategy in digital marketing,30,LOW,0
best content creation services,90,LOW,2
supreme seo,10,LOW,2
modern marketing strategy,110,LOW,30
brightlocal local search,70,LOW,9
content marketing analysis,50,LOW,3
multilingual seo services,320,LOW,0
web marketing firm,6600,LOW,6
moz content strategy,70,LOW,0
corporate video marketing,110,LOW,1
seo of amazon,2900,LOW,5
seo 2020,110,LOW,0
b2c content marketing strategy,10,LOW,8
seo la,170,LOW,3
top local seo company,1000,LOW,1
sem seo sea,170,LOW,0
companies with best content marketing,10,LOW,0
digitas publicis,170,LOW,2
seo content development,320,LOW,0
affiliate content,210,LOW,6
entity based seo,170,LOW,2
geo seo,390,LOW,9
content writer copywriter,140,LOW,8
content marketing copywriter,90,LOW,4
digital media industry,70,LOW,1
marketing video production services,210,LOW,2
seo content optimization best practices,50,LOW,0
content marketing university,110,LOW,3
content marketing budget,90,LOW,2
professional seo services company,480,LOW,0
swell seo,10,LOW,0
search keyword on website,2400,LOW,1
seo and content strategy,2900,LOW,1
magento seo services,390,LOW,0
online reputation marketing,390,LOW,2
marketo predictive content,140,LOW,6
campaign content,260,LOW,5
smart content strategy,10,LOW,0
local small business seo,2900,LOW,1
bofu marketing,50,LOW,5
content writer digital marketing,20,LOW,0
the content agency,20,LOW,5
content creation in marketing,20,LOW,5
marketing agency content,6600,LOW,4
seo advertising company,5400,LOW,1
website seo audit services,480,LOW,0
seth godin content marketing,10,LOW,0
outsourcing content,140,LOW,1
video influencer,880,LOW,2
local search company,170,LOW,1
content marketing growth,90,LOW,2
php seo,210,LOW,0
video content for marketing,880,LOW,1
search engine marketing analysis,1600,LOW,5
web seo services,1600,LOW,3
on page optimisation,140,LOW,0
seo for roofing companies,1000,LOW,3
white seo,140,LOW,1
title optimization,170,LOW,1
inbound digital marketing,170,LOW,1
paid search engines,590,LOW,4
content optimization in digital marketing,20,LOW,0
instagram video marketing,90,LOW,5
on page seo off page seo,720,LOW,1
local search rankings,390,LOW,1
web marketing consultant,260,LOW,0
contenidos digital content,10,LOW,0
local search engine optimisation,480,LOW,0
paid search analytics,590,LOW,3
local seo analysis,260,LOW,0
digital marketing writer,30,LOW,9
ebc marketing,20,LOW,10
leading seo company,390,LOW,0
swot analysis of digital marketing,70,LOW,0
quality link building services,390,LOW,0
digital seo company,210,LOW,0
modern seo,140,LOW,2
social paid media,30,LOW,3
search engine optimisation seo services,2900,LOW,1
content analysis marketing,20,LOW,0
ecommerce product page optimization,40,LOW,2
content optimisation,1300,LOW,2
digital marketing 2020,90,LOW,0
video production in digital marketing,40,LOW,1
local maps seo,480,LOW,1
seo consultant rankstar,10,LOW,0
seo link audit,720,LOW,0
publicity video,30,LOW,23
content marketing infographic,110,LOW,0
pre roll video advertising,40,LOW,0
organic search agency,90,LOW,1
digital marketing online marketing,110,LOW,0
editorial content marketing,20,LOW,0
mobile video marketing,40,LOW,0
targeted seo,590,LOW,1
digital content creation services,140,LOW,1
digital marketing agency website content,20,LOW,0
online search engine optimization,720,LOW,2
company for seo,40500,LOW,7
top internet marketing agency,50,LOW,3
digital marketing content writer,90,LOW,2
social media content for digital marketing agency,20,LOW,0
complete seo services,480,LOW,0
cdn marketing,20,LOW,7
5ds of digital marketing,10,LOW,0
aadme,50,LOW,0
abm infographics,20,LOW,5
above the fold content seo,90,LOW,0
actionable content,50,LOW,0
activecampaign conditional content,30,LOW,0
actual seo media inc,210,LOW,8
advanced seo services,260,LOW,0
advanced web rankings,590,LOW,6
affiliate content facebook,10,LOW,0
affordable company seo,1000,LOW,0
affordable local seo solution,30,LOW,0
affordable search engine marketing,30,LOW,0
affordable search engine optimization services,2400,LOW,1
affordable seo consultant,390,LOW,0
affordable seo expert,390,LOW,0
affordable seo services company,260,LOW,0
ahrefs content marketing,260,LOW,0
ai digital marketing quora,10,LOW,0
amobee singtel,10,LOW,0
an seo,260,LOW,0
ann handley newsletter,50,LOW,0
apple content marketing,20,LOW,0
atom seo,10,LOW,5
audio video marketing,50,LOW,0
audio visual advertising,30,LOW,19
audio visual marketing,90,LOW,2
b2b content marketing 2016,10,LOW,0
b2b content marketing best practices,70,LOW,0
b2b content marketing companies,140,LOW,0
b2b marketing writer,10,LOW,6
b2c content,30,LOW,4
b2c copywriting,30,LOW,6
b2c video,20,LOW,0
backlinko content marketing,10,LOW,0
backlinko copywriting,20,LOW,0
backlinko on page seo,320,LOW,0
basic content marketing,140,LOW,4
bert seo,70,LOW,0
best cheap seo service,170,LOW,1
best content marketing services,90,LOW,1
best content marketing sites,70,LOW,1
best digital creators on instagram,10,UNSPECIFIED,0
best ecommerce seo services,210,LOW,2
best internet marketing agency,110,LOW,2
best marketing pages on instagram,10,UNSPECIFIED,0
best search engine marketing,170,LOW,6
best search engine optimization agency,12100,LOW,7
best seo company services,880,LOW,1
best social campaigns 2021,10,LOW,0
bigcommerce seo agency,320,LOW,1
black hat seo and white hat seo,90,LOW,1
blockchain content marketing,30,LOW,0
bofu content,70,LOW,9
bohubrihi digital marketing,10,LOW,0
bottom up marketing,50,LOW,1
brafton com,30,LOW,2
brandstory digital,10,LOW,7
business content marketing,590,LOW,1
business seo services,390,LOW,1
business to business content marketing,40,LOW,0
buy high pr dofollow backlinks,50,LOW,0
buy permanent backlinks,320,LOW,0
buy permanent backlinks cheap,70,LOW,3
buy quality backlinks cheap,590,LOW,0
buy seo backlinks cheap,260,LOW,0
buzzsumo content marketing,10,LOW,0
cim content marketing,10,LOW,5
coca cola content marketing strategy,20,LOW,0
collateral content,50,LOW,0
com seo,110,LOW,0
communication channel marketing,320,LOW,3
conditional content activecampaign,30,LOW,0
consultant seo services,4400,LOW,1
consumer content marketing,20,LOW,3
consumer generated marketing,140,LOW,7
content & copywriting,10,LOW,0
content competitive analysis,210,LOW,1
content creation and copywriting,30,LOW,12
content creation industry,40,LOW,12
content creation market,40,LOW,9
content driven seo,110,LOW,0
content duplicacy,1000,LOW,0
content for brand awareness,40,LOW,0
content industry,40,LOW,2
content leaders,20,LOW,0
content mar,22200,LOW,11
content marketing 2020,20,LOW,0
content marketing advertising,70,LOW,3
content marketing agency costs,40,LOW,0
content marketing agency for small business,40,LOW,0
content marketing agency saas,50,LOW,0
content marketing agency seo,480,LOW,2
content marketing and content strategy,10,LOW,0
content marketing and copywriting,90,LOW,4
content marketing and digital marketing,1600,LOW,3
content marketing and inbound marketing,590,LOW,0
content marketing and pr,140,LOW,0
content marketing and sales,70,LOW,1
content marketing and social media marketing,20,LOW,0
content marketing and storytelling,210,LOW,1
content marketing and strategy,5400,LOW,3
content marketing b2b lead generation,40,LOW,0
content marketing best practices 2020,20,LOW,0
content marketing brand awareness,170,LOW,1
content marketing content,22200,LOW,11
content marketing content strategy,50,LOW,0
content marketing dichvuseohot,10,LOW,0
content marketing for architects,50,LOW,0
content marketing for artists,10,LOW,0
content marketing for b2b companies,140,LOW,0
content marketing for banks,140,LOW,0
content marketing for charities,30,LOW,0
content marketing for cryptocurrency,10,LOW,0
content marketing for ecommerce sites,90,LOW,0
content marketing for financial institutions,70,LOW,1
content marketing for local business,90,LOW,1
content marketing for local seo,30,LOW,0
content marketing for professional services,110,LOW,0
content marketing for publishers,140,LOW,2
content marketing for real estate agents,110,LOW,4
content marketing for reputation management,40,LOW,0
content marketing for saas companies,140,LOW,1
content marketing forbes,30,LOW,10
content marketing in 2022,10,UNSPECIFIED,0
content marketing in financial services,260,LOW,2
content marketing inbound marketing,590,LOW,0
content marketing inc,10,LOW,0
content marketing includes,20,LOW,2
content marketing industry,210,LOW,3
content marketing institute 2016,10,LOW,0
content marketing is not,10,LOW,0
content marketing lead,2400,LOW,0
content marketing native advertising,70,LOW,1
content marketing optimization,260,LOW,0
content marketing pr,140,LOW,0
content marketing products,110,LOW,6
content marketing professional,140,LOW,6
content marketing promotion,40,LOW,5
content marketing quora,20,LOW,0
content marketing seo 2019,20,LOW,1
content marketing seo services,590,LOW,1
content marketing seo strategy,880,LOW,0
content marketing services agency,390,LOW,0
content marketing services company,30,LOW,5
content marketing slideshare,10,LOW,0
content marketing strategy 2016,10,LOW,0
content marketing strategy 2020,20,LOW,0
content marketing summit 2016,10,UNSPECIFIED,0
content marketing to increase brand awareness,10,LOW,0
content marketing today,20,LOW,0
content marketing viral,10,LOW,0
content marketing workbook,10,LOW,21
content mkt,22200,LOW,11
content pr,110,LOW,17
content promotion services,90,LOW,1
content roi,90,LOW,6
content seo best practices,320,LOW,2
content storytelling,110,LOW,12
content strategy for digital marketing,480,LOW,1
copywriting backlinko,10,UNSPECIFIED,0
copywriting video,50,LOW,3
corporate seo services,320,LOW,1
cost effective content marketing,30,LOW,1
creatix cms seo,10,UNSPECIFIED,0
crescendo content marketing,10,LOW,21
crypto content marketing,50,LOW,0
curated marketing,50,LOW,6
customer centric content,20,LOW,3
customer generated marketing,50,LOW,1
customer journey content,20,LOW,6
dave chaffey,70,LOW,0
demand generation content,90,LOW,3
digit ranking search engine optimization,10,LOW,0
digital bizware,10,LOW,0
digital content campaign,20,LOW,0
digital content campaigns,20,LOW,0
digital content creation market,30,LOW,0
digital content lead,20,LOW,1
digital content market,50,LOW,5
digital copywriting services,70,LOW,0
digital marketing and content marketing,1600,LOW,3
digital marketing gmail com,40,LOW,2
digital marketing quora,30,LOW,0
digital marketing services content,50,LOW,0
digital marketing video production services,70,LOW,1
digital roi,50,LOW,1
digitalmarketer com,70,LOW,14
dino's digital seo,20,LOW,0
dinos digital seo consultant,10,LOW,0
discover seo,390,LOW,4
dmatic digital,10,LOW,0
documented content marketing strategy,10,LOW,0
dofollow backlink 724ws,10,UNSPECIFIED,0
domain2host digital marketing,10,LOW,0
dumpster company local seo,20,LOW,1
dumpster local seo,10,LOW,0
dynamically generated content,40,LOW,8
earned content,6600,LOW,1
ediify,20,LOW,0
edm content,20,LOW,0
effective content,90,LOW,0
effective search engine optimization,110,LOW,0
einstein content selection marketing cloud,20,LOW,16
enterprise video market,40,LOW,0
epic content,40,LOW,17
ethical seo,170,LOW,0
european content,50,LOW,0
evergreen in marketing,50,LOW,1
expert search engine optimization,390,LOW,1
expert seo consultant,480,LOW,1
expert seo service,1600,LOW,0
expert seo services,1600,LOW,0
facebook content marketing strategy,10,LOW,2
financial content marketing agency,90,LOW,0
financial services content marketing agency,70,LOW,2
fintech content,30,LOW,4
firm generated content,10,LOW,0
fitness content marketing,30,LOW,1
fitness content marketing agency,40,LOW,0
gamification content marketing,20,LOW,0
gated content hubspot,30,LOW,0
ge content marketing,10,LOW,0
google maps and seo,90,LOW,1
google places ranking,140,LOW,1
gray hat seo,390,LOW,2
great content marketing,320,LOW,2
healthcare inbound marketing,40,LOW,0
hero video marketing,20,MEDIUM,39
high search engine ranking optimization,170,LOW,0
hubspot gated content,50,LOW,2
hubspot smart content,210,LOW,1
hugo seo,110,LOW,1
improved search engine rankings,590,LOW,1
in digital marketing content marketing includes,10,LOW,0
in page seo,210,LOW,1
in seo,880,LOW,0
inbound and content marketing,590,LOW,0
inbound content,40,LOW,1
inbound content marketing strategy,30,LOW,0
inbound marketing ebook,20,LOW,0
inbound marketing includes,20,LOW,0
inbound marketing is,40,LOW,1
inbound marketing roi,30,LOW,0
inbound marketing video,30,LOW,0
increase search engine ranking,390,LOW,0
industrial content marketing,210,LOW,3
influencer marketing content marketing,20,LOW,1
infographics in digital marketing,10,LOW,0
instagram video advertising,480,LOW,8
interactive marketing agency,210,LOW,1
internal seo,170,LOW,0
international content marketing,30,LOW,0
internet content marketing,140,LOW,0
internet marketing agency near me,880,LOW,4
internet marketing consultant near me,480,LOW,5
internet marketing is concerned with,10,LOW,0
internet marketing optimization,110,LOW,0
internet marketing search engine optimization,3600,LOW,0
internet video advertising,20,LOW,0
it strategy content,10,LOW,0
jijo joseph seo,10,LOW,0
joe pulizzi,210,LOW,0
jonathan mildenhall,590,LOW,0
kd seo,40,LOW,5
keyword ranking service,110,LOW,0
kol content,20,LOW,5
lexicon content marketing,10,LOW,0
lifestyle content marketing,20,LOW,0
list of social media marketing companies,30,LOW,0
listicles marketing,10,LOW,14
live video marketing,10,LOW,0
local business optimization,40,LOW,5
local city seo,70,LOW,0
local content marketing,210,LOW,0
local internet marketing,1300,LOW,1
local internet marketing company,320,LOW,0
local internet marketing services,590,LOW,0
local marketing and individual marketing is included in,10,UNSPECIFIED,0
local search engine marketing services,210,LOW,0
local search engine optimization company,3600,LOW,4
local search engine optimization service,2900,LOW,1
local search engine rankings,260,LOW,0
local search marketing company,210,LOW,1
local search optimization services,90,LOW,0
local search seo services,480,LOW,0
local seo for businesses,3600,LOW,2
local seo optimization services,2900,LOW,1
local seo services company,390,LOW,0
localized content marketing,210,LOW,0
magento seo company,320,LOW,0
magento seo expert,590,LOW,0
mailchimp brand voice,20,LOW,0
mailchimp html plain text,10,UNSPECIFIED,0
mailchimp plain text,20,LOW,0
margarita loktionova,20,LOW,0
marketing content marketing,22200,LOW,11
marketing search engine marketing,1600,LOW,3
marketmuse com,20,LOW,4
medium seo,480,LOW,2
mobile content market,40,LOW,0
mobile content marketing strategy,40,LOW,0
mobile search engine optimization,1600,LOW,1
mobile search optimisation,20,LOW,0
mobile search optimization,1600,LOW,1
mobile search seo,260,LOW,0
mobile seo agency,260,LOW,0
mobile seo audit,260,LOW,0
mobile seo company,170,LOW,1
mobile seo google,720,LOW,0
mobile seo optimisation,1600,LOW,1
mobile seo service,720,LOW,0
mobile site seo,880,LOW,0
mofu content,40,LOW,1
mofu in marketing,10,LOW,0
mofu marketing,40,LOW,7
multi channel content,50,LOW,1
multilingual content marketing,90,LOW,4
natural search engine optimization,210,LOW,2
nike content marketing,30,LOW,0
off page optimisation,880,LOW,2
off page seo includes,10,LOW,0
oh puhleeez branding agency,10,LOW,0
on page and off page optimization,20,LOW,2
on page optimization in digital marketing,30,LOW,0
on page optimization services,140,LOW,0
on page seo for ecommerce,170,LOW,0
online content marketing agency,50,LOW,0
online content marketing services,110,LOW,0
online content marketing strategy,70,LOW,0
online marketing and seo services,1300,LOW,0
online marketing seo services,1300,LOW,0
online marketing services company,170,LOW,0
online seo agency,480,LOW,0
online video marketing company,210,LOW,0
online video marketing services,70,LOW,0
onsite optimization,480,LOW,0
optimization seo services,390,LOW,0
organic content promotion,20,LOW,0
organic impressions linkedin,30,LOW,0
organic search engine optimisation,2900,LOW,2
organic search engine ranking,320,LOW,0
organic searches,1300,LOW,3
organic seo services company,320,LOW,0
organic social content,90,LOW,11
outbound content,30,LOW,0
outsource search engine optimization,390,LOW,0
owned and earned media,110,LOW,0
owned earned media,110,LOW,0
owned media earned media paid media,110,LOW,1
paa seo,50,LOW,0
paid content promotion,20,LOW,1
paid internet advertising,720,LOW,10
paid media content marketing,10,LOW,0
paid media strategist,390,LOW,7
paid owned earned,170,LOW,0
paid search optimisation,10,LOW,0
patagonia content marketing,20,LOW,0
pay per search,20,LOW,9
ping seo,70,LOW,1
ppc content,20,LOW,14
ppc in seo,1900,LOW,2
ppc internet marketing,210,LOW,3
ppc search engine advertising,140,LOW,5
ppc search marketing,140,LOW,2
predictive content activecampaign,10,LOW,2
preview text mailchimp,50,LOW,1
product content marketing,110,LOW,6
product led content marketing,10,LOW,3
professional search engine optimization company,1300,LOW,0
professional search engine optimization services,1900,LOW,3
professional seo consultant,880,LOW,0
professional seo experts,480,LOW,0
professional seo firm,1300,LOW,0
professional seo marketing,210,LOW,0
professional seo services agency,170,LOW,0
programmatic content,140,LOW,0
programmatic demand,20,LOW,5
promotion of content,10,UNSPECIFIED,0
promotional content on social media,10,LOW,0
pwa seo,110,LOW,0
quality content marketing,90,LOW,1
quality seo services,480,LOW,0
rank fortress seo,20,LOW,0
rank tracking for local keywords,880,LOW,0
rank tracking seo,2400,LOW,1
real time content marketing,40,LOW,1
relevance content marketing,50,LOW,0
repurposing marketing content,20,LOW,0
retail content marketing,110,LOW,0
rich media agency,20,LOW,13
rich media display,20,LOW,14
rich media marketing,20,LOW,3
rss seo,260,LOW,1
sea sem,20,LOW,0
search and social media marketing,30,LOW,3
search content marketing,70,LOW,0
search engine optimisation copywriting,10,LOW,0
search engine optimisation firm,110,LOW,0
search engine optimisation packages,390,LOW,0
search engine optimisation provider,1600,LOW,1
search engine optimization and search engine marketing,5400,LOW,3
search engine optimization link building,2400,LOW,1
search engine optimization management,210,LOW,0
search engine optimization ranking,590,LOW,0
search engine optimization seo companies,590,LOW,1
search engine optimization seo specialist,90,LOW,7
search engine optimization service provider,1900,LOW,2
search engine optimization services company,3600,LOW,1
search engine ranking optimization,320,LOW,0
search engine ranking service,480,LOW,0
search engine submission list,30,LOW,1
search engine submission site,4400,LOW,3
search marketing firm,320,LOW,0
search marketing optimization,110,LOW,1
search optimisation agency,40500,LOW,6
search optimization services,74000,LOW,3
search visibility,480,LOW,1
sem content,20,LOW,25
semrush content explorer,10,LOW,0
seo 2019,110,LOW,0
seo 2021,260,LOW,0
seo agency interamplify,4400,LOW,1
seo agency primelis,1000,LOW,2
seo and,210,LOW,0
seo and content creation,1600,LOW,0
seo and content marketing 2020,20,LOW,1
seo and internet marketing firm,1600,LOW,0
seo atlas,70,MEDIUM,56
seo based content,110,LOW,1
seo city,40,LOW,2
seo company primelis,320,LOW,0
seo company seo,40500,LOW,7
seo company vvcares,10,UNSPECIFIED,0
seo consultant specialist,480,LOW,0
seo e,20,LOW,4
seo experts london,880,LOW,0
seo for ecommerce site,2900,LOW,0
seo for it companies,320,LOW,0
seo gmail com,30,LOW,1
seo in angular,10,LOW,2
seo in content marketing,110,LOW,0
seo investment,170,LOW,1
seo jd,70,LOW,0
seo off,40,LOW,0
seo outsourcing company,1000,LOW,1
seo portals,140,LOW,1
seo quora,320,LOW,0
seo search engine marketing,5400,LOW,3
seo sem smm,210,LOW,1
seo service provider company,480,LOW,0
seo services for local business,720,LOW,0
seo services seo,74000,LOW,3
seo social media marketing services,1600,LOW,1
seo video marketing,880,LOW,0
seo web copywriting,210,LOW,0
seo web design services,3600,LOW,1
seo web marketing company,590,LOW,0
seo web marketing experts,50,LOW,0
seo website optimization services,390,LOW,0
service search engine optimization,2900,LOW,1
seven content marketing,10,LOW,0
sfmc content,30,LOW,1
sfmc content com,20,LOW,0
short video market share,20,LOW,0
simon kingsnorth,70,LOW,0
site keyword analysis,2400,LOW,1
sitecore digital agency,70,LOW,0
sitelink seo,590,LOW,0
skincare social media posts,30,LOW,32
skyword 360,20,LOW,24
small business internet marketing,9900,LOW,2
small business search engine marketing,170,LOW,1
small business search engine optimization,5400,LOW,3
small business seo consultant,1000,LOW,1
social bookmarking submission,20,LOW,3
social content services,170,LOW,4
social link building,40,LOW,0
social media link building,50,LOW,0
social media marketing content marketing,30,LOW,0
social media marketing integra internet,10,LOW,0
strategic seo,9900,LOW,5
strategie content marketing,20,LOW,0
subdomains seo,2400,LOW,0
successful content,110,LOW,0
successful content marketing,140,LOW,1
superpath slack,30,LOW,1
surge digital agency,20,LOW,3
target audience and content,20,LOW,13
the best content marketing agency,20,LOW,2
the content marketing,20,LOW,0
the seo agency,170,LOW,0
the seo city,20,LOW,0
the target audience for this video is,50,LOW,0
top content marketers,70,LOW,4
top search engine rankings,720,LOW,0
top seo website,210,LOW,3
transformational marketing,140,LOW,3
twitter content marketing,30,LOW,0
ungated content,40,LOW,1
user generated advertising,170,LOW,6
video content marketing companies,110,LOW,2
video content marketing services,90,LOW,0
video search engine optimisation,210,LOW,0
video search engine optimization,210,LOW,0
video seo agency,390,LOW,0
video seo company,390,LOW,0
video seo optimization,2900,LOW,1
viral content buzz,20,LOW,13
visual content marketing strategy,50,LOW,0
vmb video marketing blaster,10,LOW,0
volumetric video market,30,LOW,0
web content management market,50,LOW,0
web content marketing,720,LOW,1
web marketing for law firms,6600,LOW,2
web search engine marketing,320,LOW,1
web search engine optimization,260,LOW,1
web seo agency,480,LOW,1
web seo company,4400,LOW,1
website optimisation consultant,110,LOW,0
website redesign seo,1300,LOW,1
website search engine ranking,480,LOW,0
white label seo outsourcing,320,LOW,0
whitelisting influencer content,90,LOW,4
xrumer seo,50,LOW,8
ybrant media,20,LOW,0
york digital and content marketing,10,LOW,0
you can use your hubspot ctas in externally hosted content,20,LOW,0
youtube video and channel promotion,10,UNSPECIFIED,0
youtube video marketing company,140,LOW,0
youtube video marketing services,170,LOW,1
youtube video seo services,70,LOW,1
